{"loss":0.12846454977989197,"_wandb":{"runtime":3328},"lr":0.0001,"_timestamp":1.7445321463121572e+09,"_runtime":3328.3029723,"_step":5000}