{"_wandb":{"runtime":1147},"loss":0.048234693706035614,"lr":0.0001,"_timestamp":1.7436009192978373e+09,"_runtime":1147.1330841,"_step":1500}