{"_step":1500,"_wandb":{"runtime":1862},"loss":0.4874391555786133,"lr":0.0001,"_timestamp":1.7436135389508e+09,"_runtime":1862.6651637}