{"lr":0.0001,"_timestamp":1.7436161895664098e+09,"_runtime":2163.489408,"_step":1500,"_wandb":{"runtime":2163},"loss":0.4810469150543213}