{"_timestamp":1.74359872130113e+09,"_runtime":129.0756685,"_step":215,"_wandb":{"runtime":129},"loss":0.002502275398001075,"lr":0.0001}