{"_step":5000,"_wandb":{"runtime":8316},"loss":0.12786449491977692,"lr":0.0001,"_timestamp":1.7441390919385312e+09,"_runtime":8316.1626838}