{"_wandb":{"runtime":3386},"loss":0.01718105562031269,"lr":0.0001,"_timestamp":1.7436711599560757e+09,"_runtime":3386.8433036,"_step":3798}