{"_runtime":6717.8301691,"_step":6205,"loss":0.02747751958668232,"_wandb":{"runtime":6717},"lr":0.0001,"_timestamp":1.7436254967677152e+09}