{"_timestamp":1.7436049286874654e+09,"_runtime":1992.8173912,"_step":1500,"loss":0.46351706981658936,"_wandb":{"runtime":1992},"lr":0.0001}