{"_step":10547,"_wandb":{"runtime":955},"loss":0.06432820856571198,"lr":0.0001,"_timestamp":1.7449866827209196e+09,"_runtime":955.6348231}