{"loss":0.223695307970047,"lr":0.0001,"_wandb":{"runtime":41},"_timestamp":1.7436632053632832e+09,"_runtime":41.4677156,"_step":6000}