{"_timestamp":1.743602850342303e+09,"_runtime":1874.6939744,"_step":665,"_wandb":{"runtime":1874},"loss":0.12045544385910034,"lr":0.0001}