{"loss":0.6400167346000671,"lr":0.0001,"_timestamp":1.7436185848470814e+09,"_wandb":{"runtime":25},"_runtime":25.983583199999998,"_step":1500}