{"_step":5,"loss":0.3510766923427582,"lr":0.0001,"_timestamp":1.7444939217544777e+09,"_wandb":{"runtime":29},"_runtime":29.1119609}