{"_timestamp":1.7436669502966294e+09,"_runtime":3046.4932001,"_step":1999,"_wandb":{"runtime":3046},"loss":0.011598817072808743,"lr":0.0001}