{"_timestamp":1.7435996571264412e+09,"_runtime":889.6590264,"_step":1624,"_wandb":{"runtime":889},"loss":0.04855331778526306,"lr":0.0001}