{"lr":0.0001,"_timestamp":1.7436116330511463e+09,"_runtime":90.7366369,"_wandb":{"runtime":90},"_step":71,"loss":0.06313516199588776}