{"loss":0.007043297402560711,"lr":0.0001,"_timestamp":1.7445521571664097e+09,"_runtime":6625.9824259,"_step":10000,"_wandb":{"runtime":6625}}