{"_runtime":1906.2318769,"_step":1500,"loss":0.48583024740219116,"_wandb":{"runtime":1906},"lr":0.0001,"_timestamp":1.7436108224300897e+09}